<?xml version="1.0" encoding="UTF-8"?>
<!DOCTYPE fontscolors PUBLIC "-//NetBeans//DTD Editor Fonts and Colors settings 1.2//EN" "https://netbeans.apache.org/dtds/EditorFontsColors-1_2.dtd">
<fontscolors>
    <fontcolor default="operator" name="equals"/>
    <fontcolor default="comment" name="comment"/>
    <fontcolor default="number" name="section"/>
    <fontcolor default="error" name="error"/>
    <fontcolor default="number" name="section_delim">
        <font style="bold"/>
    </fontcolor>
    <fontcolor name="whitespace"/>
    <fontcolor default="string" name="value"/>
    <fontcolor default="keyword" name="key"/>
</fontscolors>
