<?xml version="1.0" encoding="UTF-8"?>
<!DOCTYPE fontscolors PUBLIC "-//NetBeans//DTD Editor Fonts and Colors settings 1.2//EN" "https://netbeans.apache.org/dtds/EditorFontsColors-1_2.dtd">
<fontscolors>
    <fontcolor bgColor="ff364135" foreColor="ff4ec9b0" name="mark-occurrences"/>
    <fontcolor foreColor="ff95d5f7" name="identifier"/>
    <fontcolor default="field" foreColor="ff4ec9b0" name="markup-attribute"/>
    <fontcolor default="identifier" foreColor="ffdcdcaa" name="method"/>
    <fontcolor foreColor="ffce9070" name="string"/>
    <fontcolor default="keyword" foreColor="ff4ec9b0" name="markup-element"/>
    <fontcolor default="string" foreColor="ff4ec9b0" name="markup-attribute-value"/>
    <fontcolor foreColor="red" name="error" waveUnderlined="ff9e2927"/>
    <fontcolor default="default" foreColor="ff4ec9b0" name="entity-reference"/>
    <fontcolor foreColor="ffdcdcaa" name="separator"/>
    <fontcolor foreColor="ffd4d4d4" name="operator"/>
    <fontcolor bgColor="ff1f1f1f" foreColor="ff58a0e3" name="default">
        <font name="Fira Code" size="14" style="plain"/>
    </fontcolor>
    <fontcolor default="identifier" foreColor="ff4ec9b0" name="field"/>
    <fontcolor foreColor="ff95583d" name="char"/>
    <fontcolor bgColor="ff52503a" foreColor="ffe76e11" name="warning" waveUnderlined="ff52503a"/>
    <fontcolor foreColor="ff6a9955" name="comment"/>
    <fontcolor foreColor="ffc586c0" name="keyword"/>
</fontscolors>
