<?xml version="1.0" encoding="UTF-8"?>
<!DOCTYPE fontscolors PUBLIC "-//NetBeans//DTD Editor Fonts and Colors settings 1.2//EN" "https://netbeans.apache.org/dtds/EditorFontsColors-1_2.dtd">
<fontscolors>
    <fontcolor bgColor="ff0e3a6c" name="Dbx_Bpt_cmpx_dis"/>
    <fontcolor bgColor="ff0e3a6c" name="Dbx_Bpt_cmpx_hit_dis"/>
    <fontcolor name="PinnedWatch"/>
    <fontcolor name="PHPNotice" waveUnderlined="ffc0c000"/>
    <fontcolor name="Dbx_Bpt"/>
    <fontcolor name="org-netbeans-modules-cnd-cpp-parser_annotation_err"/>
    <fontcolor bgColor="ff0e3a6c" name="Dbx_Bpt_hit_broken"/>
    <fontcolor bgColor="ff0e3a6c" name="Dbx_Bpt_cmpx_hit_broken"/>
    <fontcolor bgColor="ff0e3a6c" name="Dbx_PC"/>
    <fontcolor name="org-netbeans-modules-gsf-testrunner-runnable-test-annotation"/>
    <fontcolor name="Dbx_Bpt_cmpx"/>
    <fontcolor bgColor="ff0e3a6c" name="Dbx_Bpt_cmpx_hit_broken_dis"/>
    <fontcolor name="Dbx_Bpt_compound"/>
    <fontcolor name="PHPWarning" waveUnderlined="ffc0c000"/>
    <fontcolor bgColor="ff0e3a6c" name="Dbx_Bpt_hit_dis"/>
    <fontcolor name="Dbx_Bpt_broken"/>
    <fontcolor bgColor="ff0e3a6c" name="Dbx_Bpt_cmpx_broken_dis"/>
    <fontcolor name="PHPError" waveUnderlined="red"/>
    <fontcolor bgColor="ff0e3a6c" name="Dbx_Bpt_compound_hit"/>
    <fontcolor bgColor="ff0e3a6c" name="Dbx_Bpt_hit_broken_dis"/>
    <fontcolor bgColor="ff0e3a6c" name="Dbx_Bpt_cmpx_hit"/>
    <fontcolor bgColor="ff0e3a6c" name="Dbx_Bpt_dis"/>
    <fontcolor bgColor="ff0e3a6c" name="Dbx_Bpt_broken_dis"/>
    <fontcolor bgColor="ff0e3a6c" name="Dbx_Bpt_hit"/>
    <fontcolor name="Dbx_Bpt_cmpx_broken"/>
</fontscolors>
