<?xml version="1.0" encoding="UTF-8"?>
<!DOCTYPE bindings PUBLIC "-//NetBeans//DTD Editor KeyBindings settings 1.1//EN" "http://www.netbeans.org/dtds/EditorKeyBindings-1_1.dtd">
<bindings>
    <bind actionName="addCaretSelectAll" key="SD-L"/>
    <bind actionName="addCaretSelectNext" key="D-D"/>
    <bind actionName="to-lower-case" key="SD-Q"/>
    <bind actionName="to-upper-case" key="SD-G"/>
    <bind key="D-J" remove="true"/>
    <bind key="S-SPACE" remove="true"/>
    <bind key="D-U$S" remove="true"/>
    <bind key="D-U$L" remove="true"/>
    <bind key="D-U$U" remove="true"/>
    <bind key="SD-BACK_SLASH" remove="true"/>
    <bind key="SDO-J" remove="true"/>
    <bind key="S-F10" remove="true"/>
    <bind key="D-BACK_SLASH" remove="true"/>
</bindings>
